F1,F2,F3,F4,F5,F6,F7,F8,F9,F10,F11,F12,F13,F14,F15,Target3,prediction_label
53.3,2.96,39.8,29.85,132.61,39.2,0.168,250.2,148,0.99,98.07,2.33,5382,23.5,1706,62.9,68.05175921845525
79.4,1.34,67.7,38.54,95.22,31.8,0.1,163.3,198,0.99,102.835,2.15,7648,26.3,1675,70.3,64.09889938453938
57.4,2.64,57.2,47.1,153.1,46.6,0.156,268.1,294,1.73,101.441,1.9,852,25.8,1203,76.4,71.44122965224842
52.3,2.27,64.1,29.33,123.17,30.0,0.266,108.1,385,1.54,100.304,2.82,8513,18.4,1641,68.2,67.18560316341575
87.2,1.24,40.6,15.39,40.86,32.1,0.202,232.6,302,1.54,99.364,2.82,5708,23.1,428,70.0,64.01552119460696
86.9,1.38,36.9,40.05,146.4,42.4,0.264,123.0,73,0.9,99.989,2.38,3817,28.9,211,68.1,64.2438986978028
59.8,1.44,35.7,9.88,92.53,35.3,0.34,368.0,274,1.21,101.359,2.57,9788,30.5,1630,68.1,64.05483607162597
83.3,1.01,67.0,41.86,140.56,42.4,0.336,133.3,120,0.7,102.0,2.12,3565,32.3,643,67.5,65.84582093151086
34.5,2.46,43.5,44.29,188.46,39.7,0.283,156.6,189,1.62,97.647,1.7,3663,26.9,284,75.8,70.65584405789042
60.4,2.68,34.0,39.51,158.97,40.1,0.227,361.7,237,0.71,95.839,1.62,9580,18.0,803,62.4,65.46955717437338
78.9,2.57,72.2,28.33,171.38,48.4,0.111,120.0,149,0.79,101.945,2.3,3244,16.1,932,74.7,68.22760220150131
77.7,1.78,45.4,46.95,108.57,40.1,0.206,277.5,135,1.45,102.598,2.59,7284,27.1,1986,68.5,63.95425123211639
61.6,1.78,98.9,46.92,92.35,38.6,0.376,196.3,226,1.72,100.372,2.11,5502,33.4,187,74.0,68.46722487428141
43.6,2.02,80.5,38.34,157.28,46.4,0.224,367.4,139,0.91,99.96,2.54,6944,32.3,1859,69.8,69.52762178821087
37.1,1.98,96.7,17.35,158.06,30.7,0.243,204.0,75,1.86,98.977,2.13,8786,26.2,1443,71.2,69.28901354905372
34.9,2.59,33.0,42.67,182.03,39.3,0.222,356.8,62,1.6,100.111,2.86,5194,31.1,41,66.6,69.25263787285866
83.4,2.2,48.2,28.0,66.57,51.2,0.355,262.5,62,1.7,102.337,2.56,9836,15.4,1118,70.6,62.0815841128355
36.0,2.56,35.7,18.59,69.69,48.8,0.247,376.4,177,1.85,99.117,2.93,6269,27.3,197,68.9,68.59412884099523
48.1,2.69,30.7,38.97,195.11,48.9,0.152,128.7,192,0.63,96.632,2.72,576,26.8,281,72.1,70.92992351375412
43.6,1.14,58.5,40.39,121.86,38.9,0.108,383.2,229,1.08,103.121,1.89,2970,30.1,1198,74.7,70.79112054360823
77.4,2.3,33.4,32.43,172.71,29.1,0.238,310.4,68,1.69,99.128,1.78,664,30.0,337,73.7,68.21706944190421
68.0,2.29,46.5,12.93,180.28,35.0,0.261,128.4,172,1.09,98.973,1.75,3469,26.7,507,67.3,67.6522635780571
30.8,1.37,87.3,35.2,102.01,33.7,0.199,285.9,376,1.73,98.917,1.62,4434,30.0,224,70.7,72.47744279999661
46.6,1.58,93.3,41.01,189.51,27.7,0.344,263.5,332,0.72,100.551,2.6,1364,22.7,477,67.6,74.02665860077003
60.8,1.85,82.9,15.96,56.3,49.8,0.248,233.2,337,1.47,97.976,2.83,3221,15.1,1441,77.7,70.9014027247734
71.7,1.75,73.2,19.06,96.44,25.4,0.359,242.7,77,0.78,98.411,2.35,199,17.4,174,74.4,70.7634116148167
68.6,2.81,68.0,40.13,106.44,39.2,0.32,159.4,136,0.98,99.448,2.58,7869,22.5,354,62.3,65.51709720507735
71.2,2.43,34.5,13.62,155.75,38.6,0.226,345.5,214,1.48,103.617,2.3,448,23.6,731,63.9,69.54032574166257
43.0,2.5,30.3,46.04,61.39,28.6,0.11,179.0,342,1.87,96.979,2.56,8709,20.4,1780,63.7,66.2960915585905
82.3,1.35,66.3,33.69,160.01,25.4,0.176,317.0,80,1.4,100.881,1.75,5270,19.4,988,65.2,66.51584453384571
69.0,1.67,76.4,20.75,166.98,24.4,0.182,236.7,340,1.63,102.315,2.61,1263,29.2,892,70.5,70.73083643641796
89.5,2.22,90.7,12.53,126.24,48.6,0.333,135.8,357,2.03,99.395,1.63,4273,26.4,421,65.5,67.29927855184435
42.2,1.1,95.2,19.26,161.89,46.1,0.221,268.8,397,1.42,102.513,2.45,6831,33.3,76,67.9,70.12921685932713
88.8,2.65,57.4,38.87,106.42,40.5,0.338,309.6,230,0.99,101.163,1.56,1258,18.5,279,74.8,68.3619344788477
36.4,2.94,75.4,18.3,72.71,33.8,0.298,299.8,282,1.75,100.936,2.63,709,17.0,1128,79.5,74.61424756212465
81.2,2.55,68.0,14.2,112.41,35.2,0.161,391.1,183,1.79,99.662,2.48,1280,20.0,1034,66.2,70.00458339662288
48.6,1.98,59.6,24.95,43.32,48.5,0.204,195.4,213,0.94,104.605,1.57,5356,23.5,421,65.9,67.91209493551085
68.5,3.13,72.5,25.46,148.74,35.7,0.293,261.9,305,1.73,99.234,1.67,3057,27.0,861,73.8,69.93146799008443
30.6,1.0,82.3,24.65,113.74,37.9,0.16,166.2,169,0.75,98.72,2.12,5857,22.6,135,69.2,70.71975500774732
50.3,2.21,66.9,47.47,196.37,33.7,0.355,367.5,242,1.02,97.256,2.57,2022,18.9,687,67.4,72.8682860301962
56.1,2.34,75.3,15.57,53.49,36.8,0.246,163.4,303,1.48,101.528,2.22,5737,33.3,205,67.9,67.72729253544881
61.0,1.52,69.8,49.2,42.7,47.0,0.114,350.5,339,0.56,101.709,1.9,4359,23.1,829,77.4,68.93824195954645
31.8,2.12,65.2,38.17,59.35,48.4,0.308,188.7,74,0.7,98.757,2.48,7231,17.0,1199,72.5,69.05945102312565
31.4,1.59,57.3,21.0,81.93,32.1,0.262,252.9,116,0.63,99.342,1.7,2299,24.6,316,67.4,71.86220499050675
35.2,2.42,53.2,42.52,129.76,25.6,0.191,292.5,331,1.68,100.037,2.35,2053,30.9,1187,69.1,72.4113082525307
68.2,2.89,66.5,29.22,93.77,33.0,0.209,131.9,338,1.43,100.589,2.36,3997,32.7,147,66.3,67.76921335927607
55.3,2.67,56.3,48.81,47.42,30.9,0.278,390.2,84,0.78,100.397,2.77,9715,17.1,37,68.9,65.58103267699748
47.4,1.59,32.1,33.61,167.53,32.5,0.28,154.4,257,1.93,98.937,1.71,4573,24.0,1412,67.6,68.42370985605618
35.8,2.36,42.4,46.6,78.82,45.3,0.26,135.4,190,1.45,99.924,1.72,3336,23.9,1688,71.8,70.01948846066702
53.2,1.69,33.1,14.55,103.72,34.9,0.28,312.7,331,1.89,98.749,2.59,10132,33.7,1980,65.3,64.41873741355036
61.3,2.22,57.6,22.4,117.44,49.1,0.268,206.7,87,1.42,100.784,2.41,7608,15.6,707,66.8,66.21243246909236
43.4,2.11,42.7,19.63,169.83,37.9,0.186,112.7,160,1.86,102.097,1.94,2680,28.6,432,75.9,69.70039147140636
94.2,2.53,72.1,29.49,182.01,44.7,0.355,152.4,336,1.51,99.755,2.0,6757,15.9,83,66.4,65.29885516195594
56.9,2.18,55.4,38.11,196.76,49.7,0.215,376.3,268,1.49,99.562,1.86,9662,28.1,144,69.2,66.10489823245545
53.2,2.91,34.2,23.26,174.37,42.8,0.125,329.9,187,0.94,96.888,2.12,4548,15.6,1364,69.3,69.49856048257605
65.0,1.05,44.4,18.2,146.16,32.4,0.294,298.1,78,1.55,100.005,2.79,9058,17.0,874,55.3,64.6421263733925
47.8,2.36,49.1,44.67,173.27,31.6,0.203,330.9,332,0.71,101.07,2.02,1814,18.5,1851,70.6,72.24282197861629
31.5,1.54,32.8,31.34,45.31,30.0,0.346,169.2,137,1.5,98.704,2.55,8445,17.7,440,73.8,66.65042934036877
64.1,1.28,66.0,16.92,133.04,37.2,0.303,174.5,68,1.54,104.142,2.77,6851,16.2,576,62.9,66.3063645103613
80.2,1.43,94.2,24.28,83.62,46.9,0.252,203.5,64,1.47,99.605,2.5,5394,21.8,460,64.0,66.85924826958313
77.2,1.34,46.4,36.47,62.52,37.4,0.209,147.2,61,1.46,101.024,2.17,2212,24.1,1401,72.4,66.47453056252557
64.3,3.04,88.9,35.53,173.95,35.3,0.347,239.5,111,1.78,100.56,2.21,7752,27.0,1069,68.1,67.4606118591626
44.3,2.14,89.8,16.38,73.11,47.1,0.388,284.2,241,0.91,102.104,2.06,3018,18.4,1625,72.7,72.49804317895517
39.0,2.97,92.1,35.63,48.47,30.3,0.116,347.0,97,0.51,97.248,1.69,4543,22.9,1893,75.6,72.10634175763082
38.3,1.12,30.1,18.5,160.8,26.6,0.251,198.6,304,1.42,100.45,2.86,9901,20.3,1598,62.3,66.04305610642973
62.5,1.79,30.4,41.37,96.57,40.4,0.307,174.4,293,1.44,102.78,2.78,1206,21.9,1363,69.1,68.7722289898521
65.7,2.75,44.3,12.07,114.19,45.6,0.203,331.1,360,0.6,102.011,2.83,6082,33.9,967,70.6,66.52621930770702
40.0,1.09,63.5,26.33,97.34,44.4,0.215,161.4,156,0.53,100.212,2.07,8231,29.2,1306,63.9,66.94657068261102
76.9,1.6,83.7,38.6,88.6,38.2,0.376,211.1,141,0.67,97.761,1.83,7331,29.4,1574,59.9,65.48279154044694
74.7,1.51,73.5,23.76,85.3,47.1,0.177,400.2,126,0.88,98.809,1.56,9750,15.9,196,73.8,64.8539183660294
77.4,2.55,90.2,10.39,51.01,26.8,0.12,174.3,91,1.53,100.299,2.66,1882,31.5,435,64.3,68.78120398312049
42.1,1.2,56.0,46.81,162.54,32.1,0.161,283.6,130,0.85,102.812,3.18,7014,16.5,80,71.3,68.46841678965258
39.6,2.44,87.9,48.0,132.83,32.5,0.237,160.9,301,1.27,99.978,2.87,3232,19.2,1591,75.5,72.8844644951029
48.7,2.44,45.3,42.16,54.78,40.0,0.134,152.9,92,0.93,100.617,2.18,7387,25.7,1290,70.9,65.86595471233615
76.3,2.03,45.0,25.42,128.72,26.2,0.383,131.4,361,0.67,99.142,2.93,7898,33.5,1639,56.2,63.81454698706677
65.7,1.16,43.3,18.28,168.99,43.5,0.236,352.5,177,1.31,94.801,1.65,1271,32.9,43,66.9,69.60970127678179
65.6,1.51,57.0,42.49,116.56,30.3,0.194,119.5,231,1.45,96.0,1.76,7880,26.8,789,61.2,65.15574857163202
57.7,1.63,47.8,31.32,134.78,48.0,0.356,302.8,298,0.83,97.222,1.55,8924,26.4,1912,69.6,65.85408971497296
39.1,2.43,80.9,17.54,158.43,40.5,0.326,123.2,191,1.62,99.108,1.94,9366,28.3,1732,67.9,67.95697688797102
49.0,2.61,71.8,12.92,139.85,34.9,0.219,185.0,83,0.64,97.332,2.49,2911,27.5,1075,78.4,70.88666995730229
81.2,2.36,64.5,24.37,137.04,30.1,0.26,112.5,64,1.62,103.128,1.66,5918,26.2,233,70.1,64.75981677742325
38.2,1.47,43.7,10.99,60.6,37.3,0.249,114.7,368,0.76,104.76,1.88,6896,14.7,595,68.6,67.74808441555437
60.4,1.22,71.6,43.32,131.48,31.3,0.305,360.3,316,1.51,101.271,2.54,8468,31.3,409,64.3,66.51807975878651
77.5,1.26,49.3,49.84,200.78,32.9,0.182,247.6,61,1.15,101.478,1.98,7139,15.5,1565,70.4,65.01383468102705
39.1,1.16,59.4,41.19,103.98,27.9,0.293,227.7,300,1.26,102.485,1.61,465,20.0,841,66.1,72.89123612751418
60.6,1.05,60.2,22.83,144.56,31.3,0.14,352.5,329,1.73,98.727,2.28,4471,20.2,450,71.0,69.46868607224437
87.8,1.15,50.8,30.04,168.43,35.8,0.205,382.3,276,1.22,100.46,1.95,8917,19.8,1971,59.8,63.79897106501198
51.1,1.13,30.0,49.77,122.21,40.5,0.356,125.0,188,1.91,103.535,1.92,1903,19.3,691,73.6,68.82719072421426
50.3,1.49,56.0,36.99,127.62,44.7,0.128,226.7,335,0.97,100.457,2.09,4571,26.0,1536,64.5,69.2234031072089
68.3,2.55,30.1,31.14,197.56,29.1,0.228,326.5,305,1.09,97.951,2.89,241,19.4,1643,76.9,70.89298962719384
65.2,2.88,92.1,11.22,129.46,30.5,0.107,394.5,260,1.31,103.367,1.63,492,16.2,864,68.5,73.3770352019053
62.3,2.28,95.9,36.95,132.62,32.0,0.405,230.5,357,1.01,99.501,1.62,4378,16.4,717,65.0,70.8900145068108
91.6,1.71,51.5,21.19,186.05,40.7,0.339,265.3,291,0.7,97.789,2.58,7701,28.5,1773,55.9,63.825627378257806
71.0,2.21,89.8,38.35,151.32,30.0,0.225,395.7,321,0.73,97.765,2.91,3794,20.8,1734,69.2,70.9195593579285
53.9,2.18,44.9,28.16,175.8,46.0,0.336,367.8,309,1.29,101.556,2.81,7193,28.2,582,60.1,67.43052937567907
34.9,1.61,56.9,19.2,96.78,30.8,0.257,159.8,219,1.76,103.994,2.17,708,23.0,208,77.2,72.34995278897412
32.8,1.3,38.1,30.32,120.87,46.7,0.344,297.2,192,1.52,98.629,2.17,3912,15.6,1077,79.2,70.93698099713056
86.7,2.96,85.9,32.89,177.68,40.5,0.317,198.8,312,1.63,100.734,2.46,5721,18.0,765,75.0,67.40556729613148
49.8,1.84,62.8,35.28,82.66,33.7,0.265,330.9,74,1.02,101.664,2.3,2218,17.7,1879,65.6,71.10783821151495
49.9,1.08,79.9,28.66,145.66,42.0,0.162,385.5,309,1.7,105.098,1.54,6022,33.8,939,70.3,69.21673365337334
82.1,1.09,75.3,24.52,136.22,29.0,0.124,163.5,219,1.53,100.144,1.69,4152,20.4,705,74.8,67.18824081859555
82.8,2.15,98.7,26.71,135.64,51.3,0.256,110.4,203,1.83,100.25,1.97,5498,22.4,917,71.6,67.17491083152092
31.2,1.56,83.1,26.24,186.71,41.3,0.198,265.1,95,1.2,99.97,2.94,622,20.4,673,66.2,75.04233876902504
85.2,1.39,65.9,37.51,196.57,26.8,0.29,117.0,120,1.11,102.853,1.67,3816,17.9,1446,65.5,66.669279974607
55.8,1.43,78.6,29.89,196.32,26.8,0.2,115.5,393,0.85,102.113,2.87,2241,33.3,1574,67.6,70.98657498291578
37.2,1.18,32.6,41.12,154.69,41.4,0.177,149.5,137,0.69,99.54,2.01,4328,25.6,1663,68.6,68.85831195435006
83.7,1.49,35.2,16.01,118.08,44.2,0.33,295.4,300,1.55,101.816,2.66,1714,27.9,795,67.6,67.05783030026518
74.4,2.49,83.8,11.63,156.45,44.8,0.382,110.8,355,0.7,100.148,1.74,7150,17.9,102,58.0,66.98884891714236
32.1,1.03,76.8,41.6,91.54,30.6,0.118,176.5,134,1.05,101.012,2.38,8980,16.7,1504,67.3,68.38370787476264
84.2,2.24,89.9,23.25,101.82,41.9,0.378,135.1,330,1.9,95.838,2.62,951,33.5,649,76.4,69.61581717988783
33.2,2.58,30.5,48.48,129.43,36.3,0.211,285.1,276,0.85,98.034,1.86,9012,22.2,198,65.0,67.29671129541921
54.7,2.48,45.5,22.83,101.26,42.5,0.389,320.2,260,0.6,98.561,1.99,8793,15.8,1835,67.8,66.6010594215904
58.5,1.2,95.4,46.8,63.96,24.9,0.182,333.4,157,1.29,98.732,3.01,7609,32.9,1214,72.5,67.58628245881766
66.9,1.53,63.7,25.24,182.56,27.3,0.169,170.6,339,0.85,100.455,2.55,5795,34.6,1316,67.2,67.01591022775428
72.9,2.25,37.1,26.5,60.51,43.3,0.332,292.5,154,0.73,95.926,2.98,6672,30.2,73,61.8,64.51541160934823
65.6,1.99,97.4,40.79,115.89,41.8,0.363,156.1,257,1.77,100.807,2.77,7510,28.5,907,68.2,67.18362486619333
46.3,1.22,75.3,31.37,60.68,43.8,0.111,173.2,391,0.74,102.183,2.49,6775,18.9,199,77.5,68.63058108979035
58.3,2.76,78.3,12.3,39.61,37.5,0.325,326.6,276,0.82,101.607,1.58,1200,24.2,1275,72.9,71.79125836081127
75.7,1.84,78.6,19.02,134.97,28.3,0.123,360.7,392,1.15,99.615,2.9,6477,21.7,1820,70.3,67.97989179200084
37.6,2.64,29.7,48.18,103.16,45.8,0.367,145.0,214,1.91,98.402,1.84,9193,18.9,1861,63.2,66.17624734467007
81.1,2.59,81.6,38.21,138.99,36.4,0.39,341.4,139,0.72,100.554,1.65,7721,20.7,1163,68.6,66.05814781844067
64.0,2.92,94.3,34.38,102.56,38.9,0.148,211.1,54,1.41,101.503,1.66,4523,22.1,1167,78.3,69.2672580297911
56.5,1.88,54.0,36.07,158.99,48.8,0.336,241.5,227,0.92,104.327,2.18,6542,25.3,969,70.2,67.05389914473295
65.9,1.57,84.8,18.36,58.88,30.0,0.138,180.5,59,1.47,100.182,2.82,281,28.2,1256,67.2,70.61986530239464
31.9,1.9,42.1,46.69,161.11,41.8,0.298,352.5,331,1.69,99.371,1.51,8290,23.4,1411,67.5,68.82394659899552
66.7,2.81,63.7,27.82,202.54,41.3,0.39,340.4,240,1.99,102.0,2.16,8899,35.1,1030,63.2,65.68233073119353
49.3,1.93,60.3,44.16,160.43,40.6,0.13,132.4,57,0.53,100.091,1.99,2037,27.0,86,65.4,70.17340602012158
88.6,1.35,50.1,35.43,190.65,30.2,0.268,304.0,392,1.93,100.939,2.91,9606,29.6,774,57.7,62.79354861155089
41.9,1.31,83.4,37.03,64.33,30.9,0.151,203.1,269,0.74,97.344,2.64,9159,35.0,2035,62.1,67.38403287116532
70.9,2.87,86.9,21.29,59.33,32.1,0.116,115.8,348,1.43,98.444,2.71,709,33.0,312,75.2,70.53815666194477
31.6,2.71,39.8,36.72,82.16,43.9,0.274,180.0,126,1.22,96.75,2.52,119,23.5,1316,71.9,72.7845131885009
68.4,2.25,56.3,12.32,56.41,37.1,0.119,103.0,197,0.52,99.918,2.01,9196,34.2,706,72.4,63.04509046647523
75.1,1.15,70.4,12.5,113.01,37.1,0.254,124.8,355,1.62,104.092,2.28,1056,16.2,210,72.4,69.6326799929651
35.7,2.35,90.8,27.08,187.9,42.7,0.274,185.1,299,1.47,102.654,2.29,6588,34.2,1484,75.4,70.61392445767113
84.1,2.05,100.8,27.8,68.77,32.3,0.36,180.2,121,1.17,99.008,2.04,4994,23.9,860,74.0,67.14749233229219
87.6,1.72,79.7,49.76,43.24,42.1,0.252,139.5,278,1.26,100.143,2.66,9842,26.8,1745,57.3,62.48322376899671
81.4,2.79,84.1,21.19,85.97,32.4,0.115,375.4,375,0.94,102.984,2.29,6379,28.8,211,62.6,66.88599325066315
44.4,1.43,50.4,15.05,169.98,39.9,0.327,291.9,83,1.54,102.327,1.9,8110,31.7,412,61.3,66.5980072192493
78.6,1.95,48.4,23.96,175.18,38.7,0.182,243.7,283,0.93,99.162,1.59,6102,26.2,1094,62.2,65.70948135394042
30.6,1.05,44.5,22.27,141.85,37.1,0.153,290.7,375,0.67,98.236,2.77,2275,29.3,1538,70.6,72.4154506111572
45.4,2.64,88.4,40.34,102.39,40.2,0.32,385.0,59,0.69,100.617,2.87,755,30.0,1599,70.6,73.50950021347049
89.5,1.07,89.8,26.83,60.05,47.0,0.337,370.2,232,1.95,99.491,2.89,9156,27.4,1148,61.5,64.03082281057796
41.2,1.25,88.0,42.57,48.91,35.7,0.122,378.2,106,0.74,94.859,2.03,9721,21.2,693,59.6,68.19371661000531
48.4,2.36,54.2,17.53,156.98,36.7,0.274,114.4,251,1.06,99.051,2.24,5408,34.0,434,63.1,68.1453575006114
54.0,1.35,77.3,28.84,78.99,29.1,0.211,236.8,300,1.82,99.732,2.85,1494,33.2,1028,64.4,71.21817802592494
63.9,1.85,46.0,50.06,67.68,37.6,0.192,103.7,127,1.79,97.941,1.93,3255,25.9,377,63.5,67.11262580225137
87.1,2.3,48.2,37.87,65.62,29.7,0.34,163.3,378,2.01,97.349,1.85,9477,32.4,1159,62.9,61.859175772498276
31.6,2.61,87.0,38.52,108.16,42.0,0.326,185.8,390,0.78,97.625,2.13,1548,34.2,739,75.7,74.1339642718294
49.3,2.25,76.5,42.97,101.58,42.3,0.397,226.5,308,0.6,100.076,2.67,492,20.4,650,67.7,73.11306973044015
72.4,1.34,82.8,12.36,187.31,33.1,0.257,259.6,393,1.58,97.552,2.32,7435,29.1,318,73.3,67.2371087253152
50.5,2.28,75.3,28.45,60.93,33.0,0.374,179.6,363,0.81,101.147,1.51,7814,19.6,78,67.6,67.80453867189878
43.6,2.71,62.1,42.94,195.74,36.4,0.137,195.8,159,1.33,99.847,2.58,2473,24.7,457,78.7,71.6648798947862
33.7,1.83,30.4,31.53,73.11,29.1,0.345,320.3,381,1.65,98.197,2.88,7006,26.3,1665,69.7,68.49234312965251
36.4,2.71,89.5,34.02,168.98,43.0,0.278,291.7,343,1.1,98.77,1.79,1609,24.7,1182,77.8,74.96022676342963
62.2,1.66,71.6,44.22,110.29,32.1,0.347,284.2,53,1.91,100.395,2.21,5101,22.1,1074,64.1,68.14571556213288
75.6,1.22,72.6,34.59,206.01,26.7,0.378,377.5,118,0.51,100.492,1.72,8151,33.4,83,65.6,65.2967220841548
47.2,2.59,54.2,27.96,164.03,47.9,0.35,109.1,84,1.29,99.913,2.72,6669,23.2,1033,71.4,67.61845766331972
65.0,1.28,52.9,37.16,119.61,34.9,0.201,312.3,210,0.97,98.927,2.54,3976,19.0,853,74.9,68.51299911463394
53.0,2.69,33.9,21.35,86.86,49.2,0.217,385.6,125,0.66,101.059,2.65,426,29.8,218,68.9,70.49670506378365
77.9,1.34,34.7,44.94,57.38,37.5,0.392,131.6,286,1.27,97.829,1.66,4726,25.9,616,58.5,64.72048802987459
57.8,2.12,84.6,35.13,138.23,36.0,0.179,394.0,235,1.57,95.572,1.9,8810,30.0,1113,72.7,67.84666029290331
82.1,1.94,46.5,27.42,56.15,26.5,0.167,221.8,326,1.65,103.617,2.36,4792,27.4,1338,69.6,65.1494707727774
57.9,2.4,62.6,48.17,67.5,39.6,0.361,276.8,222,1.69,98.247,1.64,1473,27.5,498,75.4,70.56045938449392
35.3,1.06,44.1,40.78,48.67,41.9,0.131,123.9,272,1.72,97.992,2.33,8105,29.1,1512,59.6,66.58938940339682
63.8,2.76,70.4,23.46,142.93,35.6,0.187,390.3,109,0.96,98.463,1.51,3776,23.6,226,70.1,69.83719262887489
39.9,1.26,82.8,10.8,145.26,26.1,0.15,362.4,241,0.58,101.35,2.06,4512,22.9,1210,64.6,71.99357234761419
68.6,2.33,37.4,24.26,109.74,35.3,0.328,205.7,261,0.65,97.799,2.72,2619,21.5,209,76.2,68.18020852387158
42.2,2.62,58.4,10.89,197.0,42.4,0.119,359.2,294,0.63,99.95,2.42,1863,29.4,859,76.9,72.87085227518722
80.7,1.9,99.1,18.7,200.27,37.3,0.182,117.3,108,0.93,101.334,1.76,9392,19.6,947,62.8,65.07427247415303
56.9,1.19,64.2,38.87,80.79,33.7,0.213,396.0,320,1.75,98.341,2.19,263,19.9,324,76.8,72.49579846847101
68.4,1.39,60.6,20.85,137.28,31.6,0.236,236.8,108,0.57,97.289,2.68,4380,28.5,769,60.8,67.51437225714993
60.6,1.81,86.8,26.87,131.67,32.9,0.136,239.2,80,1.8,98.703,2.34,9082,21.5,1272,60.4,66.6719033424801
47.2,2.69,39.8,34.2,128.92,48.2,0.39,328.8,264,1.08,96.057,1.98,2433,17.8,288,70.4,71.3235947518001
79.8,2.46,92.3,44.99,157.43,44.5,0.11,338.7,384,1.9,100.356,2.12,7598,19.5,779,72.4,67.49729980733234
32.6,1.77,63.8,24.02,43.83,32.5,0.387,223.8,358,1.85,97.537,2.72,6760,21.7,1872,70.2,69.95566903075064
62.1,2.37,64.2,20.61,119.87,41.8,0.239,359.1,189,1.6,100.539,1.6,319,22.1,891,65.4,71.8187271471783
39.0,2.31,94.9,23.33,68.14,47.1,0.224,199.4,317,1.46,100.108,2.12,6795,17.8,1838,64.9,70.79699155467434
35.7,2.16,58.4,46.62,103.25,46.3,0.165,235.9,171,1.54,98.219,2.87,4124,17.7,784,68.1,71.12358429278706
63.5,1.67,98.5,43.47,181.86,32.3,0.164,395.6,387,0.84,99.921,2.84,6337,35.2,1875,67.9,69.63699398730245
53.1,1.8,33.3,25.29,193.44,28.0,0.176,395.1,58,1.42,101.593,2.14,1249,34.1,1555,69.5,70.13857547053401
60.0,2.28,64.4,36.13,159.58,37.1,0.395,344.1,317,1.3,99.577,1.74,2697,19.2,1896,64.8,71.25053587300623
40.4,1.75,74.6,19.74,97.77,46.9,0.197,321.3,142,1.67,101.204,2.37,8160,33.6,1845,65.0,68.04694030206169
31.5,2.07,85.3,17.75,179.44,33.8,0.348,215.4,251,1.72,100.319,1.81,7356,29.7,254,68.3,70.44423301128171
54.0,1.59,44.1,49.39,163.19,40.7,0.104,267.5,188,1.3,100.801,1.98,6643,21.5,1725,58.6,67.22865905858005
55.4,1.49,54.1,35.69,98.32,31.4,0.155,278.9,369,1.39,100.488,1.74,3897,30.5,1515,67.9,69.0167384350094
71.8,1.91,83.3,38.13,90.71,26.2,0.387,282.1,303,1.84,98.514,2.13,9054,22.0,1217,60.8,65.98497797046392
72.0,2.73,39.8,13.29,138.62,33.2,0.392,327.0,362,1.3,97.556,2.9,4162,33.9,1787,73.6,67.58386573616572
52.9,1.28,32.7,35.73,146.71,52.2,0.276,201.3,157,1.72,102.911,2.06,5561,33.5,297,61.2,66.07974042583322
69.5,2.63,52.0,13.79,177.29,25.2,0.302,352.7,360,1.85,100.796,2.68,2409,21.7,967,69.9,70.19358118328432
68.3,1.25,72.4,45.15,172.41,41.4,0.225,299.9,133,1.61,97.374,2.51,5877,19.5,1736,58.8,68.07669677965805
82.4,1.67,55.0,17.14,165.17,42.7,0.377,375.1,123,0.67,99.363,1.58,9144,25.6,826,56.2,63.66543792589397
57.0,1.61,32.0,18.92,118.9,38.4,0.219,125.1,94,1.06,100.151,2.41,8064,28.7,1023,56.7,64.08816244457444
47.0,2.11,87.5,23.56,174.98,41.0,0.178,308.3,358,0.62,101.922,2.18,5709,26.0,343,72.8,70.88851569042131
76.5,1.26,55.8,25.6,140.95,31.9,0.125,384.9,367,0.73,102.957,2.33,1118,30.6,1525,76.6,69.48347989446579
44.2,2.56,97.6,37.37,77.54,44.8,0.203,259.1,148,0.66,97.468,1.85,5304,25.8,49,72.1,70.85413011965579
85.1,2.12,97.2,19.8,101.42,33.1,0.252,151.2,137,1.8,100.048,2.88,5255,23.0,1945,70.5,67.02472812561396
30.5,1.39,71.9,17.12,112.9,27.2,0.268,383.5,118,1.96,102.301,1.78,2315,27.4,1328,70.4,73.08495128713515
30.2,1.54,51.0,28.08,56.06,46.5,0.212,213.1,172,1.6,98.846,2.23,7532,26.7,840,66.6,68.03623657217064
35.1,1.67,79.8,42.15,56.5,30.7,0.113,217.1,261,1.0,97.26,2.66,483,24.6,1057,76.3,74.03688349669649
51.4,1.47,100.1,16.31,159.72,36.7,0.267,273.4,328,0.99,100.971,1.82,4448,18.7,1293,69.0,71.99464945159843
31.7,2.63,74.9,35.2,95.33,27.3,0.131,145.1,197,1.4,101.222,1.5,1601,25.4,724,69.1,73.042228856515
87.5,1.24,87.8,14.98,139.27,27.4,0.171,321.0,189,1.51,101.572,2.91,2102,33.4,859,68.4,68.53472441853752
67.2,1.13,65.7,11.29,181.3,31.2,0.319,301.0,393,0.57,101.708,1.67,2703,29.6,222,76.2,69.72433318775705
31.8,1.88,49.7,30.51,149.23,43.2,0.118,253.9,270,0.63,99.981,1.84,403,23.8,1392,75.3,73.66224482512405
83.6,1.27,98.7,48.18,101.96,49.0,0.212,276.8,114,0.97,99.637,2.17,1137,29.3,1306,59.6,69.60880669865082
70.9,1.54,49.8,18.98,158.8,32.7,0.136,168.0,217,1.3,101.268,1.61,8680,16.8,1052,61.0,64.5003519853038
80.1,2.62,97.6,28.54,101.57,49.9,0.253,116.3,359,1.91,96.464,2.28,61,33.0,999,76.8,70.9759032728199
74.3,1.75,59.9,37.55,155.2,31.5,0.291,132.5,302,0.92,100.107,1.55,1646,25.1,1004,66.6,68.91525378869473
52.3,2.36,64.2,18.11,141.17,31.7,0.137,124.3,177,1.74,101.354,1.5,6182,32.1,97,72.1,67.38661419806233
61.8,2.25,53.5,18.0,128.04,30.1,0.165,234.5,308,0.82,99.543,2.1,6680,20.3,1304,63.9,67.27701673258869
63.1,2.39,88.5,21.46,58.54,25.8,0.34,282.6,81,0.95,98.021,2.2,9607,27.0,521,67.7,65.73355182371256
45.2,1.65,67.7,48.48,60.56,29.4,0.208,137.2,299,1.42,95.273,2.33,7863,17.1,1012,69.8,68.05222991763493
30.8,1.23,90.9,10.61,81.01,43.4,0.114,179.4,324,1.51,103.903,2.22,2727,24.1,525,67.2,73.0895735181344
50.9,2.88,37.1,29.34,67.77,26.1,0.161,198.9,393,0.71,95.427,2.16,2872,27.9,1745,67.2,69.76528219009347
37.7,2.79,58.3,17.92,67.5,27.7,0.235,327.8,294,1.83,102.727,1.54,9477,31.2,24,62.4,67.03541849321087
74.5,2.48,34.0,41.04,61.81,32.0,0.311,354.3,108,1.11,99.452,2.65,6904,17.9,1286,61.2,64.7780826629557
35.8,3.01,70.7,31.88,172.23,40.4,0.367,205.9,67,0.78,97.663,2.05,7486,25.3,1317,68.0,69.42505797128067
78.5,2.25,36.8,35.39,200.72,36.6,0.124,342.7,298,1.67,97.548,1.71,5358,27.7,436,64.9,66.30950865821632
50.1,1.69,47.1,22.0,72.8,43.9,0.347,347.9,299,1.09,93.309,2.41,4096,32.9,864,64.4,69.39401721159395
43.6,2.22,31.5,21.12,172.75,41.5,0.299,250.5,109,0.54,102.018,1.66,5695,22.8,372,65.2,67.92972725462106
88.2,2.77,56.7,24.1,55.02,39.9,0.236,378.5,366,0.7,100.608,2.59,7059,30.4,341,71.3,64.43601488723715
49.9,1.23,96.3,20.17,113.67,41.5,0.144,128.8,57,1.82,98.238,1.91,7914,15.0,1004,56.6,68.4153225214766
45.0,2.94,31.5,44.27,112.7,49.7,0.232,142.4,285,1.48,101.375,1.9,9983,22.3,818,68.7,64.8703947425586
41.3,1.07,36.4,20.62,72.17,37.8,0.385,254.8,299,0.59,99.724,2.46,6390,34.0,1740,63.9,67.25899623019275
47.0,2.27,67.9,15.92,62.0,48.4,0.344,297.2,273,1.19,102.151,2.69,7222,34.4,1691,66.9,67.78369653871162
73.3,2.72,93.8,20.11,163.69,44.3,0.367,348.7,270,1.87,98.919,2.13,7811,16.7,1763,61.6,68.30227546261135
66.7,2.93,36.3,44.49,105.29,40.0,0.244,147.2,330,1.66,100.502,2.73,6112,23.4,221,66.8,65.73433915361016
61.0,2.61,73.0,18.0,161.83,44.0,0.102,198.8,293,0.91,99.409,1.55,4104,16.8,376,69.5,70.08266841299036
56.9,2.51,67.4,44.4,190.49,27.9,0.18,116.3,248,0.94,97.927,2.64,6184,17.7,1166,71.4,68.68769613528359
79.6,1.36,82.5,19.64,110.76,29.0,0.293,334.0,226,1.76,97.886,2.37,3856,23.6,1065,72.7,68.63835068457286
53.8,2.43,94.7,28.57,135.87,49.3,0.23,251.7,342,1.87,97.542,1.96,2051,18.4,276,76.1,73.23963333180761
53.2,2.44,41.3,28.67,51.58,27.5,0.378,137.2,109,0.82,100.636,1.5,3112,15.2,1271,74.2,68.62808608174635
74.4,1.25,92.7,33.04,116.12,31.8,0.248,144.6,183,0.72,101.469,2.74,4678,17.3,466,70.9,68.12889233431144
88.1,1.18,77.0,24.53,89.73,28.4,0.307,151.9,352,1.14,104.222,2.24,6192,32.6,482,68.0,64.4689975578651
86.2,1.22,96.9,13.92,198.88,40.4,0.168,283.8,389,1.59,97.078,1.87,6834,17.2,658,63.6,67.80460602742308
39.4,2.23,69.9,26.39,80.28,38.9,0.201,189.3,357,1.21,94.701,1.78,610,21.5,1674,69.0,73.93554345214015
63.0,1.42,32.1,35.01,130.8,35.2,0.361,236.3,367,1.98,100.007,2.87,3290,26.8,696,63.3,67.93107742378129
54.2,1.72,96.7,33.38,157.25,43.1,0.288,241.4,150,1.0,101.058,1.68,2255,24.8,804,75.2,72.00924917302142
82.7,1.73,76.3,48.36,119.19,44.7,0.344,256.9,257,0.71,99.932,1.71,982,28.5,98,67.6,69.16487220283403
38.2,2.88,77.6,17.4,147.98,32.4,0.25,259.5,135,1.92,99.669,2.7,1080,18.4,1393,76.5,74.27367932359182
65.6,2.58,48.1,35.11,63.37,32.5,0.279,321.2,322,1.75,101.56,2.91,1641,32.1,203,71.3,69.15270931124833
66.4,2.05,83.0,37.29,56.44,49.6,0.119,386.0,138,1.81,99.365,2.97,6735,27.7,205,68.2,67.30432823971618
32.4,1.35,73.3,44.87,123.21,27.7,0.242,292.8,263,0.64,96.624,1.99,2312,26.5,1119,73.2,73.3558046143916
84.4,1.05,42.7,33.21,143.83,29.0,0.254,174.7,247,0.88,99.543,2.12,7856,17.5,450,63.1,63.37567740905804
62.2,2.41,36.0,25.21,111.4,37.8,0.213,341.4,107,1.31,98.003,1.57,7950,25.8,1139,58.8,65.2036365426615
35.2,1.33,101.8,33.53,130.86,48.6,0.386,214.9,234,1.12,102.409,2.31,1277,21.8,1043,75.8,74.57080737630214
38.8,1.92,74.4,32.97,147.79,41.2,0.316,181.4,292,1.27,101.615,1.75,9435,18.2,120,72.5,68.08240000277482
35.7,2.42,62.2,13.78,82.43,31.1,0.262,302.7,344,1.03,98.953,2.63,5868,25.2,246,77.8,70.43066538120883
50.6,2.94,68.6,36.66,75.01,30.4,0.167,301.5,300,1.21,99.184,2.13,2899,24.4,1668,76.2,71.33964982587106
59.4,1.16,96.8,24.63,180.68,49.9,0.351,261.3,266,1.58,103.008,2.29,7161,32.6,1194,60.0,68.26249819943898
49.8,1.86,60.9,18.94,141.7,45.6,0.205,230.1,175,0.75,98.601,2.51,9877,22.7,1984,57.8,66.23028473753938
73.3,1.3,85.7,18.35,136.56,38.6,0.168,176.3,271,1.8,98.819,1.59,487,33.8,804,76.7,70.48487658536824
85.8,2.06,99.7,50.03,92.35,30.5,0.275,274.5,182,0.77,95.082,1.66,2258,28.1,1760,63.8,69.47034907492998
68.4,2.11,41.5,40.34,104.81,36.3,0.244,252.9,329,1.25,99.81,2.74,1747,21.2,18,66.7,69.05252894230584
74.3,2.23,75.4,20.19,66.2,34.7,0.236,302.6,110,1.43,97.492,1.74,2390,29.6,90,64.7,68.81614462655095
48.0,1.46,51.3,33.21,116.47,50.3,0.213,316.4,120,1.95,101.453,3.0,1931,26.0,907,62.0,70.60287805122337
39.9,2.77,83.0,17.91,42.2,40.9,0.146,119.8,234,0.73,100.376,2.15,6187,28.2,1158,63.9,69.35232245061059
47.3,2.92,83.7,39.83,97.47,48.0,0.218,299.9,211,0.95,99.388,1.7,2844,32.6,1160,73.7,71.67933060027615
87.5,2.22,86.0,41.68,135.35,29.7,0.169,154.8,158,1.69,103.08,2.72,7011,19.4,501,66.5,65.212915834553
39.0,2.29,84.8,41.49,83.8,27.4,0.393,215.6,298,1.56,99.306,1.71,7740,18.2,1718,71.2,69.82921993926635
77.0,2.27,65.0,47.36,50.5,35.2,0.167,138.3,86,0.69,96.783,2.7,419,24.5,1996,64.0,69.01042981246974
52.4,1.15,43.7,37.88,100.85,35.9,0.118,220.4,227,0.75,101.08,2.49,5180,26.6,1981,69.1,67.51642020154455
57.5,1.43,74.7,14.42,53.32,32.2,0.353,116.0,331,1.45,99.968,1.89,5395,26.1,1756,59.6,68.10277951376277
70.8,1.75,70.5,28.09,142.65,33.1,0.388,162.1,342,1.15,99.319,1.91,5731,23.9,1665,66.7,67.43326992202972
63.5,1.91,35.4,25.53,141.23,48.7,0.228,378.7,177,1.48,98.087,2.14,4747,16.9,0,66.8,67.90427189711028
82.6,1.27,50.1,36.19,131.59,46.1,0.273,204.1,308,1.15,100.185,2.22,724,22.3,1757,58.4,68.5755938372042
74.5,1.17,98.6,16.64,60.66,48.2,0.129,166.4,198,0.83,102.292,1.74,9674,25.6,1667,60.6,64.47164754011811
36.4,1.32,91.7,24.87,50.2,30.4,0.275,225.7,225,1.87,98.544,2.44,3378,19.4,1409,65.1,72.67915421234981
83.9,1.72,81.6,16.49,88.71,40.6,0.144,284.5,129,0.98,100.825,2.78,56,19.2,832,62.6,70.16530909711211
71.2,1.77,85.3,25.58,52.95,37.5,0.259,149.5,379,1.76,100.118,1.57,8727,35.2,1902,59.7,64.96100285687454
57.6,1.48,50.7,13.12,81.62,28.9,0.273,135.5,378,1.55,100.919,1.86,9460,19.6,535,55.4,64.90466398389822
84.7,1.54,35.6,19.58,61.66,44.5,0.18,305.6,146,1.51,101.375,2.7,7274,25.9,904,57.6,62.791672315945064
42.0,2.12,38.6,27.04,39.25,41.6,0.168,269.3,147,0.92,101.362,1.94,8461,33.5,1976,65.7,65.54432508981346
47.6,2.54,36.7,30.7,105.07,34.8,0.239,359.6,284,1.31,100.69,2.81,4150,26.8,1285,59.2,69.3926910526374
81.9,1.23,51.7,13.86,133.78,35.8,0.156,323.5,207,1.09,100.321,1.5,400,33.8,966,64.7,68.5132528673916
69.4,1.97,63.9,11.97,51.15,35.6,0.179,165.7,51,1.43,100.781,1.78,2002,29.5,832,66.9,67.9934975807803
72.2,2.97,62.6,48.36,42.83,44.0,0.18,142.6,356,1.7,103.32,1.93,8936,24.5,98,57.6,63.92679457967125
35.3,1.67,51.5,21.73,98.56,41.4,0.343,375.0,254,0.9,98.281,2.72,8883,29.4,766,67.0,67.81176514460859
68.2,1.22,33.9,47.22,78.63,27.8,0.385,332.5,53,1.23,101.455,1.54,6837,22.0,1497,66.3,64.56010173573546
51.5,2.32,86.2,44.4,84.55,28.7,0.191,101.5,169,1.41,98.967,2.63,7174,28.6,1485,60.9,67.80151703508223
37.2,1.79,79.3,39.89,59.2,37.5,0.118,320.9,273,0.6,101.002,2.43,4757,19.4,893,65.3,71.49796793104012
64.1,1.15,72.5,13.86,159.55,50.3,0.19,146.1,291,1.81,98.85,2.11,3646,18.9,760,76.8,69.49376318110608
40.3,1.32,46.2,32.39,93.49,34.2,0.374,234.4,168,0.53,99.86,2.91,3329,17.6,1805,73.9,70.43341791957643
31.8,1.74,73.6,11.88,125.63,31.4,0.145,323.0,261,1.14,98.257,2.83,9006,31.5,1884,70.3,69.12162339028194
73.3,1.9,86.9,37.46,129.94,30.0,0.14,147.0,228,1.76,102.745,2.73,8707,17.3,125,69.1,65.5939202591186
86.8,2.39,100.4,12.99,199.63,32.9,0.229,388.6,88,1.96,100.959,2.91,157,23.0,1293,65.3,71.76458131296909
64.3,2.18,39.2,36.45,69.73,37.1,0.309,369.1,175,1.58,99.657,1.55,7046,34.7,656,66.8,65.04995488018194
34.6,2.31,54.1,12.22,155.88,27.7,0.266,134.8,112,0.93,101.476,2.36,3702,25.3,1948,70.2,70.70607304683334
53.2,1.57,70.9,25.02,143.18,47.3,0.374,130.3,271,1.7,99.894,2.93,7545,18.8,1326,65.8,67.74961100151009
67.8,1.22,88.6,10.83,101.79,28.3,0.313,386.4,205,1.14,97.397,2.64,8613,20.3,394,72.0,67.12985415223274
38.1,1.97,65.4,36.94,143.55,33.6,0.137,284.4,104,1.02,100.865,2.88,4241,15.1,547,69.6,71.3579355316034
87.4,2.51,34.9,30.44,67.59,29.6,0.376,371.8,244,0.98,102.244,2.01,3021,18.2,128,63.6,66.32385549824407
61.1,1.99,86.5,40.87,121.33,26.2,0.126,349.7,108,0.84,99.55,2.12,6473,33.9,1232,75.8,68.03040333932148
87.4,3.09,73.6,17.46,147.95,32.7,0.337,212.0,219,0.78,99.805,1.85,8444,21.3,1191,69.3,64.61495045195245
60.1,2.25,51.5,38.15,163.4,39.0,0.176,256.9,107,1.88,99.062,1.91,6751,19.9,1216,68.5,67.05956794031756
44.1,2.68,64.4,45.1,194.57,46.8,0.381,276.8,121,1.22,101.455,1.95,8318,21.6,1529,73.0,68.21997168845331
46.7,2.62,41.4,31.52,96.96,43.4,0.241,137.4,259,1.98,99.903,2.27,470,31.7,228,68.8,70.74422859390155
50.9,2.36,52.2,44.5,67.27,42.4,0.179,302.1,199,1.46,101.359,2.5,4479,26.3,1041,66.8,68.72787322323255
81.7,2.71,81.0,10.67,103.17,46.5,0.121,99.1,353,1.92,97.876,1.91,185,15.9,338,72.5,70.73484486765156
43.5,2.51,47.4,37.78,41.15,33.3,0.107,344.6,63,0.84,98.639,3.07,4728,26.3,1018,73.6,68.96304515378503
